{"Hour_means": {"3": 38.81059160305343, "1": 605.0487092060399, "13": 1136.6701292426621, "7": 146.38992750858452, "2": 181.87425658453697, "23": 157.98583180987202, "12": 2453.8420996020222, "5": 142.58786560309403, "8": 683.9337814289271, "0": 1167.69014693172, "11": 292.5681303757356, "19": 386.31744562702454, "16": 1867.1989229940764, "6": 77.35674989420228, "15": 202.9546279491833, "4": 262.3135757314974, "10": 545.3926202321725, "17": 1552.4699119373777, "14": 411.9964626812876, "22": 510.3183361629881, "9": 1315.4951745502203, "20": 2656.422330623306, "21": 1616.2847992116285, "18": 729.4803455723542}, "day_of_week_means": {"1": 1307.073259448707, "3": 1305.1763823284246, "2": 1335.9018029255017, "4": 1333.8007726905778, "5": 809.9253171856978, "6": 604.6201201889995, "0": 1084.8887689955939}, "UNIT_means": {"R191": 1940.2849162011173, "R152": 1852.0054644808743, "R463": 3172.2083333333335, "R163": 3090.517948717949, "R429": 987.5401069518716, "R446": 919.6813186813187, "R252": 988.027027027027, "R036": 786.7102272727273, "R361": 1210.151832460733, "R387": 1064.9528795811518, "R259": 1016.7758620689655, "R288": 1951.2944444444445, "R046": 8110.7655502392345, "R379": 692.463687150838, "R363": 481.77472527472526, "R105": 3427.1473684210528, "R117": 999.6604938271605, "R550": 97.10550792036041, "R055": 8243.764102564102, "R060": 803.2197802197802, "R041": 2748.2574257425745, "R112": 1633.9417989417989, "R373": 678.4424242424243, "R317": 753.3631284916202, "R396": 607.3854748603352, "R094": 1746.368131868132, "R355": 360.8983957219251, "R220": 1362.6600985221676, "R209": 917.566265060241, "R179": 8011.193069306931, "R240": 3505.951351351351, "R140": 1228.6958762886597, "R128": 685.1576086956521, "R175": 5789.869565217391, "R321": 1057.6302083333333, "R014": 4084.7368421052633, "R391": 949.6593406593406, "R025": 5063.839024390244, "R295": 689.5777777777778, "R453": 1833.8553459119496, "R098": 2089.7068062827225, "R031": 4533.690721649485, "R415": 42.586021505376344, "R170": 11884.43621399177, "R027": 2964.4438775510203, "R040": 1213.2756756756758, "R309": 849.7719298245614, "R411": 332.2888888888889, "R141": 3816.7165775401068, "R234": 462.97005988023955, "R264": 490.35263157894735, "R199": 768.0109289617486, "R337": 169.67664670658684, "R099": 2212.278350515464, "R154": 1302.1833333333334, "R157": 1162.7845303867402, "R243": 1397.3672316384182, "R389": 394.4972067039106, "R338": 25.50857142857143, "R287": 694.4294478527607, "R213": 1228.125, "R308": 840.4555555555555, "R057": 4666.328125, "R235": 3541.2061855670104, "R450": 551.9583333333334, "R054": 1405.5691489361702, "R206": 2032.8486486486486, "R088": 616.3967391304348, "R003": 208.9418604651163, "R159": 1968.2934782608695, "R237": 757.0778443113772, "R158": 3820.2944444444443, "R442": 451.65, "R283": 710.1842105263158, "R551": 124.69391025641026, "R177": 4667.510638297872, "R407": 445.9106145251397, "R248": 3295.478494623656, "R172": 1843.7978723404256, "R010": 4693.642857142857, "R403": 547.8579545454545, "R445": 1081.7, "R438": 767.5113636363636, "R382": 956.88, "R408": 1357.8756756756757, "R359": 1987.4185022026431, "R181": 1713.263440860215, "R183": 930.8908045977012, "R366": 633.414364640884, "R176": 3805.2113402061855, "R029": 6598.265306122449, "R053": 3166.5641025641025, "R056": 1547.4947916666667, "R370": 541.7272727272727, "R271": 465.7647058823529, "R142": 3292.532608695652, "R155": 1063.5792349726776, "R064": 856.2298850574713, "R106": 1197.3832335329341, "R085": 2390.045918367347, "R087": 1198.763440860215, "R241": 441.9623655913978, "R082": 1437.6507936507937, "R242": 657.2215909090909, "R118": 1592.6741573033707, "R354": 267.75, "R122": 2413.005291005291, "R362": 817.6363636363636, "R397": 397.135593220339, "R344": 510.2743902439024, "R433": 373.1542857142857, "R021": 4474.533980582524, "R169": 2175.8260869565215, "R063": 1210.301204819277, "R352": 442.44025157232704, "R204": 1560.3736842105263, "R217": 1499.1017964071857, "R034": 1102.304347826087, "R357": 192.5888888888889, "R280": 758.6832298136646, "R543": 95.1702846116739, "R232": 1149.4470588235295, "R427": 278.12359550561797, "R062": 3816.026595744681, "R116": 3216.5729166666665, "R132": 3981.3617021276596, "R058": 627.3957219251337, "R343": 779.9071038251366, "R233": 1178.3892215568862, "R205": 1866.9789473684211, "R290": 1855.5879120879122, "R327": 983.767955801105, "R115": 1237.0315789473684, "R431": 641.0837988826815, "R039": 821.3818181818182, "R148": 1001.2299465240642, "R035": 3246.5721649484535, "R092": 1962.0923913043478, "R349": 652.542372881356, "R178": 5082.4731182795695, "R133": 1438.2090395480227, "R019": 2917.225, "R083": 2962.4842105263156, "R333": 868.6684782608696, "R384": 386.6666666666667, "R030": 2838.02538071066, "R028": 2506.9310344827586, "R423": 513.3021978021978, "R136": 1917.0819672131147, "R341": 531.2707182320441, "R409": 611.9945945945946, "R143": 2879.0, "R168": 5167.65445026178, "R111": 3031.40206185567, "R214": 798.369696969697, "R185": 1046.129213483146, "R444": 485.3707865168539, "R388": 1086.5944444444444, "R167": 2741.318918918919, "R310": 1622.543956043956, "R536": 589.6047297297297, "R380": 886.3555555555556, "R059": 1225.7076023391812, "R416": 233.19444444444446, "R273": 1531.2176470588236, "R257": 1837.6825396825398, "R247": 311.9447852760736, "R017": 4240.804232804233, "R399": 587.8555555555556, "R301": 1072.15, "R253": 746.7440476190476, "R052": 1247.9476744186047, "R284": 797.1336898395722, "R420": 648.3351648351648, "R134": 751.1978021978022, "R315": 595.5988700564972, "R012": 7486.851674641149, "R546": 262.04783599088836, "R330": 1039.9360465116279, "R314": 669.8241758241758, "R044": 4078.731818181818, "R004": 529.0, "R228": 1106.4602272727273, "R430": 452.17816091954023, "R069": 994.9190751445087, "R339": 499.21465968586386, "R110": 3128.0378378378377, "R541": 149.9096588990206, "R244": 1366.4193548387098, "R547": 157.7546468401487, "R150": 1058.2857142857142, "R454": 178.05421686746988, "R459": 87.81927710843374, "R218": 1842.2676767676767, "R266": 928.4812834224599, "R261": 1585.9222222222222, "R174": 1577.4342857142858, "R189": 1654.9431818181818, "R279": 821.1413043478261, "R377": 1237.7, "R441": 450.25142857142856, "R286": 646.7675675675675, "R460": 1608.2391304347825, "R347": 769.5388888888889, "R091": 1187.688622754491, "R068": 559.9754601226994, "R400": 466.77653631284915, "R081": 3427.5, "R164": 2924.386934673367, "R289": 480.5464480874317, "R448": 124.25128205128205, "R198": 2343.5806451612902, "R439": 714.1567567567567, "R124": 736.2080924855492, "R144": 3598.883333333333, "R434": 424.48, "R398": 878.1186440677966, "R070": 1647.9128205128204, "R422": 222.28813559322035, "R298": 978.8972972972973, "R326": 385.2888888888889, "R229": 695.6987951807229, "R270": 589.0843373493976, "R414": 328.5444444444444, "R268": 2254.0824175824177, "R265": 1003.5562130177515, "R542": 126.61122379986477, "R165": 117.63440860215054, "R371": 757.3505747126437, "R032": 4144.047120418848, "R313": 215.62345679012347, "R345": 551.327485380117, "R340": 504.84090909090907, "R282": 1607.043956043956, "R184": 1129.754491017964, "R291": 1723.1554404145077, "R097": 2809.447619047619, "R461": 3152.9032258064517, "R372": 794.4910179640718, "R161": 1378.79797979798, "R456": 267.58288770053474, "R353": 682.6612021857924, "R405": 750.1966292134831, "R367": 769.9388888888889, "R045": 2948.962365591398, "R202": 1979.512315270936, "R356": 1121.902857142857, "R160": 2566.1404494382023, "R331": 380.7932960893855, "R196": 1382.7808988764045, "R049": 2987.4285714285716, "R365": 491.70786516853934, "R304": 1033.9384615384615, "R090": 472.1575757575758, "R038": 243.6723163841808, "R311": 480.4093567251462, "R385": 1103.144385026738, "R230": 611.8988764044943, "R418": 37.06818181818182, "R552": 194.91165574237675, "R101": 3134.8947368421054, "R197": 1835.0222222222221, "R042": 682.5081967213115, "R452": 5804.369565217391, "R207": 1933.8842105263159, "R402": 351.4804469273743, "R263": 176.0497512437811,